; PANOCER [TL] ;;;;;;; FAMTREC [TL] ;;;;;;; MOKSEFEN [TL] ;;;;;;; ACIDPASS [TL] ;;;;;;; GRIPORT COLD[TL] ;;;;;;
; 2026/5D ;;;;;; SON HAFTA ; 2026/5D ;;;;;; SON HAFTA ; 2026/5D ;;;;;; SON HAFTA ; 2026/5D ;;;;;; SON HAFTA ; 2026/5D ;;;;;; SON HAFTA 
BRİCK; HEDEF ; SATIŞ ;REAL;PRİM P.;PAZAR P.; PAZAR ; SATIŞ ; HEDEF ; SATIŞ ;REAL;PRİM P.;PAZAR P.; PAZAR ; SATIŞ ; HEDEF ; SATIŞ ;REAL;PRİM P.;PAZAR P.; PAZAR ; SATIŞ ; HEDEF ; SATIŞ ;REAL;PRİM P.;PAZAR P.; PAZAR ; SATIŞ ; HEDEF ; SATIŞ ;REAL;PRİM P.;PAZAR P.; PAZAR ; SATIŞ 
AMASYA GOYNUCEK+TASOVA; 45.837 ; 14.431 ;31,48%;0,00%;5,49%; 262.945 ; 1.283 ; 1.524 ; 619 ;40,61%;0,00%;3,40%; 18.191 ; 1 ; 12.795 ; 5.337 ;41,71%;0,00%;24,03%; 22.209 ; 25 ; 27.427 ; 27.235 ;99,30%;0,00%;35,55%; 76.603 ; 119 ; 18.919 ; 6.460 ;34,15%;0,00%;2,96%; 218.121 ; 149 
AMASYA ILCELER; 110.438 ; 36.804 ;33,33%;0,00%;10,71%; 343.539 ; 11.191 ; 3.898 ; 424 ;10,87%;0,00%;0,85%; 49.941 ; 104 ; 23.435 ; 1.714 ;7,31%;0,00%;9,17%; 18.682 ; 47 ; 105.891 ; 22.562 ;21,31%;0,00%;11,65%; 193.635 ; 1.582 ; 41.601 ; 19.127 ;45,98%;0,00%;3,53%; 541.647 ; 6.303 
AMASYA MERKEZ -1; 50.389 ; 26.615 ;52,82%;0,00%;9,97%; 266.831 ; 18.682 ; 2.073 ; 4.096 ;197,59%;0,00%;17,60%; 23.271 ; 308 ; 8.868 ; 1.575 ;17,76%;0,00%;11,79%; 13.352 ; 18 ; 53.478 ; 13.771 ;25,75%;0,00%;14,23%; 96.757 ; 4.928 ; 35.193 ; 8.837 ;25,11%;0,00%;1,68%; 524.521 ; 2.381 
AMASYA MERKEZ -2; 118.584 ; 43.303 ;36,52%;0,00%;10,45%; 414.290 ; 3.860 ; 6.022 ; 1.249 ;20,75%;0,00%;1,39%; 89.776 ; 105 ; 21.910 ; 2.593 ;11,83%;0,00%;7,14%; 36.293 ; 789 ; 84.748 ; 36.187 ;42,70%;0,00%;16,12%; 224.508 ; 3.622 ; 29.341 ; 6.551 ;22,33%;0,00%;0,85%; 773.883 ; 905 
AMASYA MERZIFON; 92.331 ; 69.522 ;75,30%;0,00%;16,86%; 412.385 ; 1.517 ; 4.215 ; 7.578 ;179,79%;0,00%;18,65%; 40.632 ; 1.433 ; 12.976 ; 1.167 ;8,99%;0,00%;5,63%; 20.715 ; 26 ; 123.037 ; 44.014 ;35,77%;0,00%;19,19%; 229.390 ; 13.017 ; 47.621 ; 22.762 ;47,80%;0,00%;4,16%; 547.400 ; 12.325 
CORUM GUNEYBATI ILCELER; 100.294 ; 62.174 ;61,99%;0,00%;19,73%; 315.054 ; 504 ; 6.751 ; 4.625 ;68,50%;0,00%;5,25%; 88.114 ; 1.434 ; 23.185 ; 10.651 ;45,94%;0,00%;61,91%; 17.203 ; 7.496 ; 56.262 ; 19.032 ;33,83%;0,00%;13,71%; 138.779 ; 5.856 ; 42.952 ; 22.600 ;52,62%;0,00%;4,92%; 459.000 ; 17.253 
CORUM GUNEYDOGU ILCELER; 61.269 ; 13.059 ;21,32%;0,00%;5,54%; 235.521 ; 5.654 ; 2.011 ; 8 ;0,39%;0,00%;0,05%; 15.646 ; 1 ; 8.354 ; 1.719 ;20,57%;0,00%;28,86%; 5.956 ; 17 ; 40.433 ; 10.113 ;25,01%;0,00%;6,56%; 154.100 ; 538 ; 10.197 ; 1.433 ;14,06%;0,00%;0,43%; 333.589 ; 165 
CORUM KARGI+OSMANCIK; 83.297 ; 36.098 ;43,34%;0,00%;8,73%; 413.370 ; 2.525 ; 4.423 ; 835 ;18,87%;0,00%;2,63%; 31.675 ; 2 ; 16.506 ; 4.180 ;25,33%;0,00%;27,55%; 15.172 ; 33 ; 43.679 ; 20.733 ;47,47%;0,00%;16,94%; 122.417 ; 8.046 ; 19.503 ; 2.936 ;15,05%;0,00%;0,91%; 323.349 ; 743 
CORUM KUZEY ILCELER; 70.658 ; 49.058 ;69,43%;0,00%;17,85%; 274.797 ; 28.262 ; 1.670 ; 2.152 ;128,91%;0,00%;9,92%; 21.698 ; 1.431 ; 9.283 ; 3.069 ;33,05%;0,00%;26,46%; 11.598 ; 1.508 ; 19.276 ; 10.719 ;55,61%;0,00%;13,67%; 78.431 ; 3.338 ; 9.308 ; 1.250 ;13,43%;0,00%;0,77%; 163.120 ; 999 
CORUM MERKEZ -1; 151.648 ; 90.042 ;59,38%;0,00%;16,07%; 560.454 ; 26.796 ; 5.213 ; 1.553 ;29,79%;0,00%;2,13%; 72.963 ; 922 ; 23.648 ; 5.441 ;23,01%;0,00%;17,34%; 31.384 ; 47 ; 85.931 ; 79.512 ;92,53%;0,00%;23,40%; 339.790 ; 46.818 ; 73.041 ; 10.650 ;14,58%;0,00%;1,27%; 841.563 ; 1.754 
CORUM MERKEZ -2; 109.198 ; 87.568 ;80,19%;0,00%;21,53%; 406.651 ; 8.973 ; 5.694 ; 737 ;12,95%;0,00%;0,89%; 82.746 ; 3 ; 25.758 ; 21.255 ;82,52%;0,00%;47,91%; 44.362 ; 16.590 ; 74.522 ; 42.414 ;56,91%;0,00%;15,90%; 266.693 ; 10.424 ; 66.304 ; 37.970 ;57,27%;0,00%;5,74%; 661.413 ; 24.085 
CORUM MERKEZ -3; 221.730 ; 171.868 ;77,51%;0,00%;27,33%; 628.944 ; 22.176 ; 5.095 ; 1.757 ;34,48%;0,00%;1,93%; 91.184 ; 718 ; 47.107 ; 77.184 ;163,85%;0,00%;76,59%; 100.771 ; 5.309 ; 94.275 ; 80.447 ;85,33%;0,00%;31,74%; 253.458 ; 16.361 ; 80.558 ; 24.072 ;29,88%;0,00%;2,27%; 1.061.206 ; 10.565 
ORDU UNYE; 121.098 ; 85.666 ;70,74%;0,00%;13,66%; 627.125 ; 5.063 ; 14.297 ; 7.004 ;48,99%;0,00%;7,14%; 98.109 ; 723 ; 41.116 ; 12.610 ;30,67%;0,00%;27,84%; 45.298 ; 4.701 ; 96.914 ; 45.846 ;47,31%;0,00%;9,50%; 482.787 ; 12.092 ; 75.468 ; 18.264 ;24,20%;0,00%;1,60%; 1.141.522 ; 6.402 
SAMSUN ADALET; 45.941 ; 11.379 ;24,77%;0,00%;4,33%; 262.820 ; 652 ; 4.115 ; 322 ;7,84%;0,00%;0,69%; 46.734 ; 2 ; 18.426 ; 3.752 ;20,36%;0,00%;10,91%; 34.393 ; 335 ; 42.584 ; 28.224 ;66,28%;0,00%;19,59%; 144.077 ; 6.133 ; 22.984 ; 2.069 ;9,00%;0,00%;0,44%; 469.800 ; 1.696 
SAMSUN BAHCELIEVLER; 37.957 ; 3.383 ;8,91%;0,00%;2,18%; 155.176 ; 1.406 ; 1.922 ; 212 ;11,02%;0,00%;0,73%; 29.133 ; 1 ; 5.589 ; 202 ;3,62%;0,00%;0,88%; 22.949 ; 11 ; 34.465 ; 15.698 ;45,55%;0,00%;15,54%; 101.006 ; 5.312 ; 13.485 ; 1.152 ;8,54%;0,00%;0,36%; 317.148 ; 106 
SAMSUN DOGU ILCELER; 79.534 ; 9.475 ;11,91%;0,00%;1,71%; 553.079 ; 1.137 ; 8.934 ; 6.998 ;78,33%;0,00%;4,28%; 163.485 ; 1.537 ; 36.180 ; 24.036 ;66,44%;0,00%;45,39%; 52.958 ; 4.095 ; 48.922 ; 26.661 ;54,50%;0,00%;9,81%; 271.706 ; 4.390 ; 28.863 ; 8.983 ;31,12%;0,00%;0,99%; 910.807 ; 817 
SAMSUN DOGU ILCELER - 2; 139.489 ; 62.175 ;44,57%;0,00%;7,47%; 832.336 ; 5.966 ; 29.278 ; 18.507 ;63,21%;0,00%;4,36%; 424.322 ; 6.248 ; 55.873 ; 8.877 ;15,89%;0,00%;17,68%; 50.219 ; 856 ; 103.684 ; 37.679 ;36,34%;0,00%;7,16%; 526.113 ; 2.582 ; 47.043 ; 13.075 ;27,79%;0,00%;1,31%; 1.001.201 ; 3.400 
SAMSUN HAVZA+KAVAK+LADIK; 93.456 ; 37.842 ;40,49%;0,00%;7,59%; 498.325 ; 22.058 ; 17.532 ; 1.294 ;7,38%;0,00%;0,63%; 206.192 ; 724 ; 35.399 ; 6.298 ;17,79%;0,00%;28,77%; 21.887 ; 2.305 ; 38.582 ; 20.391 ;52,85%;0,00%;11,18%; 182.411 ; 6.598 ; 16.642 ; 784 ;4,71%;0,00%;0,18%; 434.735 ; 300 
SAMSUN HURRIYET+ZAFER; 31.114 ; 3.135 ;10,08%;0,00%;1,75%; 179.510 ; 262 ; 1.578 ; 108 ;6,86%;0,00%;0,40%; 27.069 ; 1 ; 7.345 ; 2.454 ;33,41%;0,00%;16,39%; 14.976 ; 760 ; 28.326 ; 11.989 ;42,32%;0,00%;13,53%; 88.628 ; 7.306 ; 9.691 ; 2.098 ;21,65%;0,00%;0,47%; 444.075 ; 1.255 
SAMSUN ILKADIM - 2; 67.282 ; 28.346 ;42,13%;0,00%;8,35%; 339.297 ; 4.550 ; 3.413 ; 626 ;18,35%;0,00%;1,28%; 48.800 ; 2 ; 25.904 ; 23.640 ;91,26%;0,00%;36,16%; 65.382 ; 7.501 ; 70.064 ; 37.942 ;54,15%;0,00%;9,30%; 407.795 ; 24.329 ; 41.613 ; 17.696 ;42,53%;0,00%;2,34%; 757.007 ; 6.050 
SAMSUN RASATHANE; 67.178 ; 10.279 ;15,30%;0,00%;1,97%; 521.272 ; 1.471 ; 7.041 ; 436 ;6,19%;0,00%;0,62%; 69.940 ; 208 ; 32.002 ; 5.669 ;17,72%;0,00%;11,37%; 49.874 ; 2.001 ; 59.640 ; 11.782 ;19,75%;0,00%;5,24%; 224.719 ; 2.580 ; 45.338 ; 2.696 ;5,95%;0,00%;0,41%; 649.681 ; 1.031 
SAMSUN TERME; 88.439 ; 50.925 ;57,58%;0,00%;13,09%; 388.993 ; 1.497 ; 4.781 ; 7.172 ;150,01%;0,00%;5,18%; 138.318 ; 1.842 ; 29.783 ; 5.797 ;19,46%;0,00%;17,93%; 32.324 ; 1.549 ; 68.224 ; 16.790 ;24,61%;0,00%;4,08%; 411.163 ; 10.397 ; 39.782 ; 6.810 ;17,12%;0,00%;1,39%; 488.698 ; 4.942 
GIRESUN DOGU ILCELER -1; 114.733 ; 36.783 ;32,06%;0,00%;4,20%; 875.646 ; 2.965 ; 11.114 ; 1.065 ;9,58%;0,00%;0,36%; 295.574 ; 6 ; 38.956 ; 24.212 ;62,15%;0,00%;29,76%; 81.349 ; 77 ; 89.372 ; 31.853 ;35,64%;0,00%;9,33%; 341.352 ; 7.234 ; 35.591 ; 2.701 ;7,59%;0,00%;0,24%; 1.140.560 ; 1.122 
GIRESUN GUNEY ILCELER; 55.464 ; 14.586 ;26,30%;0,00%;2,83%; 515.371 ; 1.332 ; 1.684 ; 211 ;12,52%;0,00%;0,91%; 23.178 ; 1 ; 23.625 ; 21.085 ;89,25%;0,00%;46,87%; 44.986 ; 10.477 ; 24.588 ; 14.723 ;59,88%;0,00%;13,61%; 108.196 ; 219 ; 8.352 ; 393 ;4,70%;0,00%;0,13%; 304.591 ; 66 
SINOP GUNEY ILCELER; 62.658 ; 22.285 ;35,57%;0,00%;4,19%; 531.320 ; 315 ; 12.071 ; 660 ;5,46%;0,00%;1,20%; 54.953 ; 6 ; 53.130 ; 16.152 ;30,40%;0,00%;64,74%; 24.947 ; 1.596 ; 24.181 ; 8.007 ;33,11%;0,00%;7,32%; 109.416 ; 329 ; 15.385 ; 258 ;1,68%;0,00%;0,07%; 373.966 ; 121 
TRABZON K.BASI+SURMENE; 19.680 ; 2.424 ;12,32%;0,00%;1,43%; 169.665 ; 99 ; 1.413 ; 5 ;0,39%;0,00%;0,04%; 13.585 ; 1 ; 9.728 ; 2.328 ;23,93%;0,00%;17,02%; 13.676 ; 19 ; 16.537 ; 5.270 ;31,87%;0,00%;5,11%; 103.189 ; 1.194 ; 9.521 ; 328 ;3,45%;0,00%;0,14%; 240.977 ; 75 
ERZINCAN MERKEZ; 204.761 ; 122.946 ;60,04%;0,00%;10,89%; 1.128.996 ; 15.204 ; 13.355 ; 562 ;4,21%;0,00%;0,39%; 146.059 ; 7 ; 24.179 ; 13.343 ;55,18%;0,00%;20,73%; 64.379 ; 3.177 ; 90.741 ; 28.693 ;31,62%;0,00%;8,67%; 331.070 ; 8.250 ; 45.959 ; 855 ;1,86%;0,00%;0,06%; 1.527.930 ; 362 
GIRESUN DOGU ILCELER -2; 57.299 ; 5.381 ;9,39%;0,00%;1,23%; 437.209 ; 2.394 ; 6.002 ; 432 ;7,20%;0,00%;0,21%; 201.891 ; 3 ; 26.537 ; 6.362 ;23,97%;0,00%;15,12%; 42.069 ; 3.033 ; 29.090 ; 15.146 ;52,06%;0,00%;12,80%; 118.358 ; 1.473 ; 17.741 ; 4.084 ;23,02%;0,00%;0,76%; 539.533 ; 224 
GUMUSHANE; 256.535 ; 258.995 ;100,96%;0,00%;29,02%; 892.358 ; 84.483 ; 7.759 ; 5.169 ;66,62%;0,00%;6,59%; 78.482 ; 1.347 ; 63.631 ; 75.852 ;119,21%;0,00%;75,83%; 100.034 ; 1.616 ; 68.255 ; 68.245 ;99,99%;0,00%;24,01%; 284.288 ; 17.355 ; 73.119 ; 26.556 ;36,32%;0,00%;2,81%; 945.471 ; 10.759 
TRABZON AKCAABAT; 157.781 ; 209.977 ;133,08%;0,00%;15,56%; 1.349.701 ; 20.064 ; 10.962 ; 46.073 ;420,29%;0,00%;29,21%; 157.738 ; 4.604 ; 68.804 ; 40.886 ;59,42%;0,00%;33,86%; 120.734 ; 6.097 ; 189.534 ; 177.319 ;93,56%;0,00%;29,52%; 600.717 ; 21.386 ; 119.742 ; 66.468 ;55,51%;0,00%;6,68%; 994.369 ; 13.988 
TRABZON BATI ILCELER - 2; 94.488 ; 51.233 ;54,22%;0,00%;7,14%; 718.025 ; 6.793 ; 7.679 ; 847 ;11,03%;0,00%;0,79%; 106.982 ; 4 ; 62.444 ; 38.293 ;61,32%;0,00%;53,55%; 71.511 ; 3.104 ; 67.496 ; 35.760 ;52,98%;0,00%;10,45%; 342.305 ; 5.904 ; 24.762 ; 1.594 ;6,44%;0,00%;0,25%; 642.265 ; 195 
TRABZON DUZKOY+MACKA; 50.730 ; 20.302 ;40,02%;0,00%;7,02%; 289.202 ; 17.631 ; 1.618 ; 824 ;50,91%;0,00%;1,31%; 62.835 ; 1 ; 18.372 ; 3.155 ;17,17%;0,00%;32,33%; 9.761 ; 36 ; 24.249 ; 24.256 ;100,03%;0,00%;20,73%; 116.995 ; 17.164 ; 13.289 ; 2.158 ;16,24%;0,00%;0,94%; 228.869 ; 105 
TRABZON MERKEZ -3; 98.363 ; 41.314 ;42,00%;0,00%;4,69%; 881.677 ; 9.972 ; 5.054 ; 428 ;8,47%;0,00%;0,55%; 77.485 ; 3 ; 30.467 ; 12.509 ;41,06%;0,00%;22,61%; 55.324 ; 210 ; 72.782 ; 22.360 ;30,72%;0,00%;5,75%; 389.109 ; 3.795 ; 47.266 ; 18.128 ;38,35%;0,00%;1,95%; 930.045 ; 2.897 
TRABZON MERKEZ -4; 70.171 ; 22.066 ;31,45%;0,00%;4,31%; 512.364 ; 1.721 ; 3.744 ; 628 ;16,76%;0,00%;0,78%; 80.370 ; 2 ; 22.225 ; 9.003 ;40,51%;0,00%;15,46%; 58.242 ; 789 ; 71.437 ; 25.225 ;35,31%;0,00%;14,28%; 176.704 ; 2.891 ; 22.694 ; 2.737 ;12,06%;0,00%;0,39%; 697.326 ; 1.441 
AGRI DIYADIN+D.BEYAZIT; 118.993 ; 95.543 ;80,29%;0,00%;22,03%; 433.682 ; 23.555 ; 1.440 ; 312 ;21,67%;0,00%;1,50%; 20.769 ; 103 ; 33.798 ; 8.964 ;26,52%;0,00%;17,03%; 52.626 ; 67 ; 20.932 ; 7.833 ;37,42%;0,00%;7,94%; 98.657 ; 1.351 ; 21.145 ; 4.478 ;21,18%;0,00%;0,68%; 662.856 ; 167 
AGRI ILCELER; 161.267 ; 139.144 ;86,28%;0,00%;22,38%; 621.606 ; 59.784 ; 2.155 ; 519 ;24,10%;0,00%;1,39%; 37.402 ; 205 ; 24.460 ; 4.703 ;19,23%;0,00%;33,71%; 13.954 ; 794 ; 45.848 ; 16.277 ;35,50%;0,00%;17,37%; 93.711 ; 1.658 ; 16.542 ; 867 ;5,24%;0,00%;0,14%; 605.013 ; 720 
AGRI MERKEZ; 146.216 ; 104.303 ;71,33%;0,00%;18,34%; 568.862 ; 56.549 ; 1.477 ; 925 ;62,64%;0,00%;4,51%; 20.502 ; 103 ; 20.973 ; 5.415 ;25,82%;0,00%;23,66%; 22.884 ; 787 ; 37.294 ; 30.367 ;81,43%;0,00%;20,86%; 145.596 ; 162 ; 21.821 ; 1.208 ;5,53%;0,00%;0,20%; 596.805 ; 172 
ERZURUM GUNEY ILCELER; 186.743 ; 155.254 ;83,14%;0,00%;26,53%; 585.287 ; 44.115 ; 4.259 ; 14.016 ;329,14%;0,00%;28,15%; 49.798 ; 820 ; 52.723 ; 24.641 ;46,74%;0,00%;26,42%; 93.276 ; 105 ; 34.580 ; 27.724 ;80,17%;0,00%;21,63%; 128.161 ; 6.098 ; 20.539 ; 3.122 ;15,20%;0,00%;0,52%; 600.491 ; 1.761 
ERZURUM MERKEZ -1; 64.945 ; 26.194 ;40,33%;0,00%;4,85%; 540.579 ; 1.379 ; 5.103 ; 3.698 ;72,48%;0,00%;5,82%; 63.546 ; 616 ; 13.694 ; 4.005 ;29,24%;0,00%;16,16%; 24.785 ; 176 ; 34.346 ; 9.875 ;28,75%;0,00%;8,39%; 117.676 ; 2.514 ; 52.019 ; 14.673 ;28,21%;0,00%;1,80%; 813.250 ; 7.563 
ERZURUM MERKEZ -2; 66.212 ; 22.213 ;33,55%;0,00%;4,26%; 521.644 ; 5.598 ; 3.088 ; 9.822 ;318,03%;0,00%;23,42%; 41.942 ; 104 ; 11.937 ; 3.094 ;25,92%;0,00%;21,67%; 14.278 ; 1.514 ; 21.015 ; 10.431 ;49,64%;0,00%;15,84%; 65.834 ; 652 ; 27.048 ; 17.536 ;64,83%;0,00%;5,73%; 306.028 ; 5.431 
ERZURUM MERKEZ -3; 168.624 ; 90.964 ;53,94%;0,00%;9,06%; 1.004.304 ; 10.372 ; 12.265 ; 15.580 ;127,03%;0,00%;9,96%; 156.437 ; 3.787 ; 52.409 ; 26.426 ;50,42%;0,00%;31,40%; 84.171 ; 104 ; 98.415 ; 41.929 ;42,60%;0,00%;21,88%; 191.613 ; 7.273 ; 162.275 ; 44.377 ;27,35%;0,00%;3,47%; 1.280.560 ; 25.936 
KARS ILCELER; 134.816 ; 82.846 ;61,45%;0,00%;11,87%; 697.775 ; 6.996 ; 1.475 ; 6 ;0,39%;0,00%;0,03%; 22.646 ; 1 ; 23.845 ; 9.912 ;41,57%;0,00%;48,94%; 20.253 ; 3.027 ; 25.950 ; 10.467 ;40,33%;0,00%;6,80%; 153.955 ; 1.572 ; 14.806 ; 248 ;1,68%;0,00%;0,04%; 640.220 ; 117 
KARS MERKEZ; 141.753 ; 69.007 ;48,68%;0,00%;8,99%; 767.971 ; 12.701 ; 1.640 ; 517 ;31,54%;0,00%;1,48%; 35.058 ; 1 ; 27.535 ; 6.223 ;22,60%;0,00%;11,19%; 55.591 ; 3.035 ; 31.409 ; 10.778 ;34,31%;0,00%;5,68%; 189.674 ; 2.001 ; 24.559 ; 412 ;1,68%;0,00%;0,05%; 875.033 ; 194 
SAMSUN ALACAM+YAKAKENT; 42.472 ; 30.278 ;71,29%;0,00%;19,85%; 152.515 ; 3.689 ; 3.741 ; 117 ;3,12%;0,00%;0,33%; 35.312 ; 2 ; 17.057 ; 9.848 ;57,73%;0,00%;53,55%; 18.389 ; 34 ; 18.204 ; 12.244 ;67,26%;0,00%;19,18%; 63.844 ; 2.885 ; 29.405 ; 18.417 ;62,63%;0,00%;7,13%; 258.418 ; 6.291 
SAMSUN ATAKENT+19 MAYIS; 108.171 ; 72.022 ;66,58%;0,00%;8,17%; 881.246 ; 12.127 ; 6.306 ; 4.944 ;78,40%;0,00%;5,38%; 91.824 ; 529 ; 29.583 ; 10.563 ;35,71%;0,00%;18,23%; 57.953 ; 59 ; 134.871 ; 69.787 ;51,74%;0,00%;15,76%; 442.888 ; 8.327 ; 98.768 ; 37.252 ;37,72%;0,00%;2,95%; 1.262.972 ; 19.881 
SAMSUN ATAKUM; 77.937 ; 25.820 ;33,13%;0,00%;4,98%; 518.038 ; 6.394 ; 8.158 ; 1.666 ;20,43%;0,00%;1,80%; 92.812 ; 208 ; 30.424 ; 1.631 ;5,36%;0,00%;3,31%; 49.296 ; 358 ; 133.031 ; 64.096 ;48,18%;0,00%;15,21%; 421.438 ; 13.259 ; 47.051 ; 15.263 ;32,44%;0,00%;1,21%; 1.265.511 ; 8.702 
SAMSUN BAFRA; 208.001 ; 141.479 ;68,02%;0,00%;16,44%; 860.504 ; 52.647 ; 17.782 ; 682 ;3,83%;0,00%;0,33%; 205.743 ; 213 ; 80.699 ; 41.894 ;51,91%;0,00%;29,31%; 142.924 ; 14.315 ; 147.980 ; 134.289 ;90,75%;0,00%;26,73%; 502.462 ; 32.566 ; 67.464 ; 10.725 ;15,90%;0,00%;0,84%; 1.275.022 ; 3.982 
SAMSUN CANIK; 50.753 ; 17.354 ;34,19%;0,00%;4,96%; 349.577 ; 13.313 ; 4.361 ; 3.389 ;77,72%;0,00%;5,49%; 61.769 ; 2 ; 24.821 ; 982 ;3,96%;0,00%;3,11%; 31.608 ; 49 ; 56.749 ; 10.278 ;18,11%;0,00%;5,40%; 190.434 ; 1.930 ; 47.558 ; 23.771 ;49,98%;0,00%;2,96%; 803.920 ; 16.195 
SAMSUN KALE; 11.119 ; 1.395 ;12,54%;0,00%;2,86%; 48.740 ; 56 ; 467 ; 104 ;22,27%;0,00%;2,23%; 4.670 ; 102 ; 1.190 ; 756 ;63,56%;0,00%;19,65%; 3.850 ; 2 ; 5.848 ; 1.234 ;21,10%;0,00%;3,00%; 41.112 ; 25 ; 2.679 ; 886 ;33,09%;0,00%;0,85%; 103.699 ; 610 
SAMSUN PAZAR; 14.556 ; 2.763 ;18,98%;0,00%;3,01%; 91.750 ; 389 ; 969 ; 208 ;21,47%;0,00%;1,55%; 13.402 ; 0 ; 3.695 ; 35 ;0,95%;0,00%;0,67%; 5.291 ; 7 ; 12.725 ; 3.626 ;28,49%;0,00%;8,23%; 44.064 ; 55 ; 6.801 ; 451 ;6,63%;0,00%;0,47%; 96.535 ; 222 
SAMSUN ULUGAZI; 6.227 ; 1.154 ;18,53%;0,00%;4,43%; 26.063 ; 1.084 ; 570 ; 221 ;38,84%;0,00%;4,26%; 5.195 ; 219 ; 1.539 ; 15 ;0,95%;0,00%;0,66%; 2.228 ; 3 ; 5.556 ; 1.660 ;29,87%;0,00%;5,74%; 28.922 ; 249 ; 2.974 ; 218 ;7,34%;0,00%;0,39%; 56.334 ; 192 
SAMSUN VEZIRKOPRU; 134.455 ; 61.357 ;45,63%;0,00%;21,76%; 281.934 ; 29.636 ; 9.111 ; 28.035 ;307,71%;0,00%;19,62%; 142.922 ; 14.516 ; 29.797 ; 13.694 ;45,96%;0,00%;52,81%; 25.932 ; 2.294 ; 117.610 ; 40.713 ;34,62%;0,00%;37,73%; 107.912 ; 21.273 ; 26.717 ; 3.814 ;14,28%;0,00%;0,74%; 513.838 ; 2.399 
SINOP DOGU-BATI ILCELER; 107.718 ; 69.276 ;64,31%;0,00%;11,92%; 581.286 ; 4.753 ; 6.777 ; 3.530 ;52,09%;0,00%;2,87%; 123.007 ; 821 ; 32.982 ; 7.020 ;21,28%;0,00%;18,97%; 36.997 ; 1.555 ; 55.759 ; 22.860 ;41,00%;0,00%;14,74%; 155.064 ; 2.020 ; 54.038 ; 21.523 ;39,83%;0,00%;3,18%; 676.058 ; 4.886 
SINOP MERKEZ; 64.451 ; 32.213 ;49,98%;0,00%;10,70%; 300.974 ; 2.641 ; 3.033 ; 12 ;0,39%;0,00%;0,03%; 42.024 ; 2 ; 18.672 ; 4.648 ;24,89%;0,00%;25,62%; 18.140 ; 782 ; 53.530 ; 26.568 ;49,63%;0,00%;13,42%; 197.901 ; 4.946 ; 19.010 ; 13.867 ;72,95%;0,00%;2,03%; 682.921 ; 3.095 
ARTVIN KUZEY ILCELER; 133.046 ; 80.606 ;60,59%;0,00%;14,71%; 547.994 ; 668 ; 12.324 ; 1.186 ;9,63%;0,00%;0,58%; 205.054 ; 6 ; 31.699 ; 12.222 ;38,56%;0,00%;32,34%; 37.793 ; 4.533 ; 90.915 ; 51.703 ;56,87%;0,00%;23,11%; 223.726 ; 10.607 ; 30.760 ; 12.549 ;40,80%;0,00%;1,38%; 910.023 ; 6.301 
ARTVIN MERKEZ+DOGU+GUNEY; 159.940 ; 138.231 ;86,43%;0,00%;21,71%; 636.576 ; 6.069 ; 2.302 ; 9.834 ;427,26%;0,00%;21,66%; 45.408 ; 1.227 ; 36.593 ; 20.464 ;55,92%;0,00%;59,11%; 34.623 ; 3.053 ; 63.913 ; 49.480 ;77,42%;0,00%;32,33%; 153.034 ; 20.479 ; 35.541 ; 6.908 ;19,44%;0,00%;1,40%; 494.822 ; 1.879 
RIZE BATI ILCELER; 92.684 ; 57.468 ;62,00%;0,00%;8,17%; 703.165 ; 627 ; 2.783 ; 1.033 ;37,10%;0,00%;1,08%; 95.210 ; 512 ; 42.233 ; 36.908 ;87,39%;0,00%;61,86%; 59.664 ; 8.279 ; 119.225 ; 88.479 ;74,21%;0,00%;27,19%; 325.447 ; 4.022 ; 49.643 ; 9.164 ;18,46%;0,00%;1,07%; 853.077 ; 4.347 
RIZE DOGU ILCELER; 114.934 ; 49.505 ;43,07%;0,00%;7,11%; 696.222 ; 21.113 ; 3.988 ; 322 ;8,07%;0,00%;0,63%; 51.220 ; 2 ; 41.952 ; 34.670 ;82,64%;0,00%;54,08%; 64.108 ; 10.513 ; 107.528 ; 64.017 ;59,54%;0,00%;27,42%; 233.451 ; 2.987 ; 46.417 ; 5.659 ;12,19%;0,00%;0,73%; 780.357 ; 1.376 
RIZE MERKEZ; 163.341 ; 24.025 ;14,71%;0,00%;3,06%; 785.990 ; 5.033 ; 8.471 ; 9.025 ;106,54%;0,00%;7,08%; 127.506 ; 3.172 ; 117.412 ; 50.290 ;42,83%;0,00%;33,99%; 147.975 ; 7.683 ; 192.586 ; 93.272 ;48,43%;0,00%;24,59%; 379.363 ; 7.008 ; 57.001 ; 1.545 ;2,71%;0,00%;0,11%; 1.358.445 ; 786 
TRABZON DOGU ILCELER - 2; 111.228 ; 48.482 ;43,59%;0,00%;5,15%; 941.718 ; 24.780 ; 7.241 ; 948 ;13,09%;0,00%;0,55%; 171.386 ; 208 ; 36.791 ; 11.526 ;31,33%;0,00%;19,56%; 58.924 ; 73 ; 65.593 ; 16.361 ;24,94%;0,00%;4,24%; 386.072 ; 958 ; 42.633 ; 3.660 ;8,59%;0,00%;0,36%; 1.027.330 ; 1.430 
TRABZON DOGU ILCELER -1; 81.470 ; 34.245 ;42,03%;0,00%;8,43%; 406.255 ; 19.892 ; 2.935 ; 318 ;10,83%;0,00%;0,87%; 36.561 ; 104 ; 45.785 ; 23.681 ;51,72%;0,00%;38,30%; 61.828 ; 6.051 ; 36.282 ; 36.010 ;99,25%;0,00%;17,46%; 206.208 ; 14.411 ; 15.465 ; 1.353 ;8,75%;0,00%;0,27%; 493.501 ; 795 
TRABZON MERKEZ -1; 112.969 ; 55.849 ;49,44%;0,00%;7,09%; 788.060 ; 3.727 ; 5.946 ; 1.060 ;17,82%;0,00%;0,84%; 126.676 ; 3 ; 74.051 ; 38.701 ;52,26%;0,00%;30,84%; 125.497 ; 10.577 ; 89.671 ; 22.502 ;25,09%;0,00%;5,80%; 387.696 ; 3.195 ; 35.486 ; 1.942 ;5,47%;0,00%;0,22%; 898.122 ; 701 
TRABZON MERKEZ -2; 41.605 ; 47.746 ;114,76%;0,00%;13,53%; 352.985 ; 209 ; 3.728 ; 832 ;22,31%;0,00%;1,90%; 43.702 ;-217 ; 19.998 ; 12.558 ;62,79%;0,00%;30,14%; 41.658 ; 1.232 ; 38.996 ; 16.009 ;41,05%;0,00%;13,73%; 116.572 ; 3.536 ; 14.047 ; 1.919 ;13,66%;0,00%;0,41%; 471.878 ; 784 
SIVAS MERKEZ -1; 23.638 ; 37.279 ;157,71%;0,00%;22,21%; 167.873 ; 119 ; 2.206 ; 8 ;0,39%;0,00%;0,03%; 29.778 ; 1 ; 5.530 ; 53 ;0,95%;0,00%;1,10%; 4.814 ; 11 ; 9.135 ; 1.746 ;19,11%;0,00%;2,83%; 61.673 ; 713 ; 5.142 ; 86 ;1,68%;0,00%;0,07%; 123.003 ; 41 
SIVAS MERKEZ -2; 139.299 ; 108.824 ;78,12%;0,00%;14,43%; 753.912 ; 28.080 ; 23.673 ; 8.164 ;34,49%;0,00%;2,93%; 278.668 ; 2.158 ; 36.419 ; 14.800 ;40,64%;0,00%;13,48%; 109.801 ; 72 ; 82.444 ; 40.295 ;48,88%;0,00%;10,34%; 389.715 ; 2.602 ; 35.430 ; 15.994 ;45,14%;0,00%;1,88%; 849.686 ; 6.843 
SIVAS MERKEZ -3; 48.885 ; 18.271 ;37,38%;0,00%;5,69%; 320.889 ; 1.615 ; 7.300 ; 28 ;0,39%;0,00%;0,03%; 91.983 ; 4 ; 8.851 ; 14.984 ;169,29%;0,00%;65,13%; 23.008 ; 2.998 ; 31.372 ; 27.102 ;86,39%;0,00%;12,53%; 216.275 ; 136 ; 21.674 ; 10.798 ;49,82%;0,00%;2,74%; 393.787 ; 171 
SIVAS MERKEZ -4; 160.608 ; 112.960 ;70,33%;0,00%;13,89%; 813.137 ; 50.724 ; 21.134 ; 81 ;0,39%;0,00%;0,03%; 285.450 ; 11 ; 55.327 ; 12.448 ;22,50%;0,00%;17,75%; 70.132 ; 2.345 ; 74.345 ; 45.872 ;61,70%;0,00%;10,56%; 434.414 ; 31.410 ; 48.760 ; 7.045 ;14,45%;0,00%;0,61%; 1.162.420 ; 553 
TOKAT BATI ILCELER; 160.632 ; 125.443 ;78,09%;0,00%;21,34%; 587.792 ; 23.610 ; 11.309 ; 1.065 ;9,42%;0,00%;0,36%; 299.997 ; 108 ; 18.947 ; 4.651 ;24,55%;0,00%;7,68%; 60.587 ; 38 ; 35.688 ; 30.724 ;86,09%;0,00%;19,74%; 155.648 ; 6.776 ; 17.337 ; 459 ;2,65%;0,00%;0,08%; 553.916 ; 221 
TOKAT DOGU ILCELER; 212.112 ; 78.049 ;36,80%;0,00%;8,22%; 949.396 ; 25.813 ; 7.710 ; 16.993 ;220,41%;0,00%;12,85%; 132.264 ; 3.785 ; 35.785 ; 9.281 ;25,94%;0,00%;16,34%; 56.799 ; 71 ; 55.386 ; 36.212 ;65,38%;0,00%;21,36%; 169.542 ; 5.852 ; 27.806 ; 8.208 ;29,52%;0,00%;1,34%; 614.553 ; 4.511 
TOKAT ERBAA; 146.479 ; 79.664 ;54,39%;0,00%;11,30%; 704.863 ; 14.426 ; 9.097 ; 35 ;0,39%;0,00%;0,03%; 125.508 ; 5 ; 40.039 ; 11.557 ;28,86%;0,00%;27,81%; 41.555 ; 80 ; 57.075 ; 25.894 ;45,37%;0,00%;26,48%; 97.797 ; 8.328 ; 36.735 ; 29.396 ;80,02%;0,00%;6,00%; 489.960 ; 1.300 
TOKAT MERKEZ -1; 209.098 ; 134.764 ;64,45%;0,00%;16,69%; 807.527 ; 31.064 ; 14.827 ; 1.897 ;12,79%;0,00%;1,29%; 146.864 ; 212 ; 29.210 ; 3.557 ;12,18%;0,00%;7,44%; 47.834 ; 356 ; 72.994 ; 34.345 ;47,05%;0,00%;14,26%; 240.858 ; 4.581 ; 66.126 ; 3.045 ;4,60%;0,00%;0,23%; 1.313.565 ; 1.111 
TOKAT MERKEZ -2; 62.282 ; 39.129 ;62,83%;0,00%;16,20%; 241.512 ; 5.684 ; 2.641 ; 215 ;8,12%;0,00%;0,67%; 31.866 ; 1 ; 4.110 ; 784 ;19,08%;0,00%;8,25%; 9.504 ; 8 ; 15.795 ; 6.699 ;42,41%;0,00%;10,89%; 61.538 ; 2.201 ; 15.524 ; 7.834 ;50,46%;0,00%;2,95%; 265.481 ; 880 
TOKAT TURHAL; 124.349 ; 73.255 ;58,91%;0,00%;16,15%; 453.503 ; 21.848 ; 10.410 ; 40 ;0,39%;0,00%;0,06%; 70.786 ; 5 ; 22.735 ; 11.541 ;50,76%;0,00%;27,48%; 41.993 ; 1.684 ; 40.057 ; 13.897 ;34,69%;0,00%;14,36%; 96.765 ; 1.521 ; 16.324 ; 274 ;1,68%;0,00%;0,05%; 526.392 ; 129 
GIRESUN BULANCAK+PIRAZIZ; 98.595 ; 35.454 ;35,96%;0,00%;7,01%; 506.083 ; 12.079 ; 10.030 ; 7.805 ;77,82%;0,00%;8,87%; 88.015 ; 516 ; 30.835 ; 19.664 ;63,77%;0,00%;28,86%; 68.139 ; 7.511 ; 100.829 ; 46.335 ;45,95%;0,00%;16,85%; 275.032 ; 10.745 ; 56.908 ; 12.736 ;22,38%;0,00%;1,64%; 777.839 ; 2.805 
GIRESUN MERKEZ -1; 20.453 ; 7.702 ;37,66%;0,00%;5,87%; 131.145 ; 2.209 ; 859 ; 3 ;0,39%;0,00%;0,02%; 18.663 ; 0 ; 5.181 ; 49 ;0,95%;0,00%;0,34%; 14.628 ; 10 ; 22.878 ; 4.011 ;17,53%;0,00%;6,50%; 61.706 ; 306 ; 10.703 ; 2.115 ;19,76%;0,00%;0,91%; 231.461 ; 1.010 
GIRESUN MERKEZ -2; 111.138 ; 32.553 ;29,29%;0,00%;3,80%; 856.061 ; 3.611 ; 5.871 ; 1.789 ;30,48%;0,00%;2,02%; 88.740 ; 412 ; 45.000 ; 31.272 ;69,49%;0,00%;16,00%; 195.491 ; 834 ; 138.951 ; 78.057 ;56,18%;0,00%;21,75%; 358.905 ; 16.652 ; 79.290 ; 7.894 ;9,96%;0,00%;0,68%; 1.165.649 ; 2.982 
ORDU BATI ILCELER; 95.264 ; 45.032 ;47,27%;0,00%;8,44%; 533.333 ; 5.744 ; 10.887 ; 4.757 ;43,70%;0,00%;3,15%; 150.889 ; 108 ; 38.784 ; 19.889 ;51,28%;0,00%;37,29%; 53.338 ; 11.997 ; 57.710 ; 34.530 ;59,83%;0,00%;11,62%; 297.269 ; 4.740 ; 20.501 ; 1.522 ;7,42%;0,00%;0,17%; 894.032 ; 162 
ORDU DOGU ILCELER; 89.626 ; 29.111 ;32,48%;0,00%;5,25%; 554.285 ; 11.264 ; 13.404 ; 460 ;3,43%;0,00%;0,31%; 146.515 ; 7 ; 21.512 ; 14.360 ;66,75%;0,00%;33,42%; 42.966 ; 3.023 ; 64.243 ; 35.216 ;54,82%;0,00%;11,26%; 312.752 ; 5.778 ; 25.715 ; 5.817 ;22,62%;0,00%;1,17%; 497.519 ; 2.222 
ORDU FATSA; 122.968 ; 88.503 ;71,97%;0,00%;12,08%; 732.891 ; 10.096 ; 10.434 ; 23.850 ;228,58%;0,00%;14,42%; 165.346 ; 5.217 ; 33.316 ; 8.662 ;26,00%;0,00%;11,55%; 74.978 ; 66 ; 145.239 ; 88.872 ;61,19%;0,00%;15,74%; 564.655 ; 24.828 ; 42.664 ; 8.458 ;19,82%;0,00%;0,78%; 1.083.776 ; 2.609 
ORDU GUNEY ILCELER -1; 95.132 ; 124.223 ;130,58%;0,00%;29,78%; 417.192 ; 49.974 ; 7.203 ; 13.357 ;185,44%;0,00%;10,81%; 123.611 ; 1.843 ; 37.949 ; 41.337 ;108,93%;0,00%;86,57%; 47.747 ; 11.995 ; 78.321 ; 74.515 ;95,14%;0,00%;26,41%; 282.100 ; 25.099 ; 19.474 ; 21.869 ;112,30%;0,00%;2,86%; 765.671 ; 12.187 
ORDU MERKEZ -1; 75.491 ; 21.229 ;28,12%;0,00%;4,84%; 438.505 ; 10.910 ; 11.625 ; 45 ;0,39%;0,00%;0,02%; 187.860 ; 6 ; 25.022 ; 6.199 ;24,77%;0,00%;15,71%; 39.464 ; 50 ; 76.902 ; 36.200 ;47,07%;0,00%;13,23%; 273.688 ; 8.215 ; 28.535 ; 1.320 ;4,63%;0,00%;0,21%; 627.649 ; 562 
ORDU MERKEZ -2; 43.869 ; 8.396 ;19,14%;0,00%;3,34%; 251.124 ; 220 ; 4.559 ; 1.448 ;31,77%;0,00%;3,05%; 47.482 ; 309 ; 16.073 ; 4.623 ;28,76%;0,00%;28,42%; 16.270 ; 1.522 ; 69.146 ; 18.156 ;26,26%;0,00%;7,62%; 238.188 ; 9.503 ; 15.461 ; 2.952 ;19,09%;0,00%;0,66%; 444.333 ; 543 
ORDU MERKEZ -3; 114.665 ; 58.615 ;51,12%;0,00%;10,03%; 584.468 ; 32.064 ; 15.947 ; 4.018 ;25,20%;0,00%;2,32%; 172.886 ; 651 ; 51.106 ; 14.047 ;27,49%;0,00%;15,61%; 90.004 ; 846 ; 146.489 ; 46.957 ;32,06%;0,00%;9,46%; 496.529 ; 9.838 ; 74.593 ; 15.641 ;20,97%;0,00%;1,27%; 1.234.764 ; 9.929 
