2026;1D;;2D;;3D;;4D;;5D;;6D;
;MI;GIGI;MI;GIGI;MI;GIGI;MI;GIGI;MI;GIGI;MI;GIGI
ŞENOL YILMAZ;120,28%;102,81;110,95%;90,24;107,51%;93,30;0,00%;0,00;0,00%;0,00;0,00%;0,00
AYKUT DİNLER;154,64%;115,95;128,03%;88,89;139,41%;107,40;0,00%;0,00;0,00%;0,00;0,00%;0,00
ENİS TOK;0,00%;0,00;0,00%;0,00;0,00%;0,00;0,00%;0,00;0,00%;0,00;0,00%;0,00
GİDİLMEYEN SAMSUN;79,64%;134,52;70,62%;111,06;68,78%;125,29;0,00%;0,00;0,00%;0,00;0,00%;0,00
HAKAN YUMAK;122,44%;106,72;113,65%;80,67;106,37%;93,83;0,00%;0,00;0,00%;0,00;0,00%;0,00
KÜRŞAD KARADAĞ;137,12%;128,44;122,25%;110,46;106,43%;105,08;0,00%;0,00;0,00%;0,00;0,00%;0,00
MEHMET AKİF ÖZGEÇEN;123,21%;91,47;110,47%;97,40;112,25%;101,40;0,00%;0,00;0,00%;0,00;0,00%;0,00
MURAT KANDİŞ;131,89%;105,71;134,96%;87,93;121,36%;75,84;0,00%;0,00;0,00%;0,00;0,00%;0,00
SAMET ÇETİN;122,03%;97,04;114,53%;93,39;114,63%;94,16;0,00%;0,00;0,00%;0,00;0,00%;0,00
YILMAZ USTA;100,70%;86,12;108,83%;85,35;101,75%;96,45;0,00%;0,00;0,00%;0,00;0,00%;0,00
;;;;;;;;;;;;
2027;1D;;2D;;3D;;4D;;5D;;6D;
;MI;GIGI;MI;GIGI;MI;GIGI;MI;GIGI;MI;GIGI;MI;GIGI
ŞENOL YILMAZ;0,00%;0,00;0,00%;0,00;0,00%;0,00;0,00%;0,00;0,00%;0,00;0,00%;0,00
AYKUT DİNLER;0,00%;0,00;0,00%;0,00;0,00%;0,00;0,00%;0,00;0,00%;0,00;0,00%;0,00
ENİS TOK;0,00%;0,00;0,00%;0,00;0,00%;0,00;0,00%;0,00;0,00%;0,00;0,00%;0,00
GİDİLMEYEN SAMSUN;0,00%;0,00;0,00%;0,00;0,00%;0,00;0,00%;0,00;0,00%;0,00;0,00%;0,00
HAKAN YUMAK;0,00%;0,00;0,00%;0,00;0,00%;0,00;0,00%;0,00;0,00%;0,00;0,00%;0,00
KÜRŞAD KARADAĞ;0,00%;0,00;0,00%;0,00;0,00%;0,00;0,00%;0,00;0,00%;0,00;0,00%;0,00
MEHMET AKİF ÖZGEÇEN;0,00%;0,00;0,00%;0,00;0,00%;0,00;0,00%;0,00;0,00%;0,00;0,00%;0,00
MURAT KANDİŞ;0,00%;0,00;0,00%;0,00;0,00%;0,00;0,00%;0,00;0,00%;0,00;0,00%;0,00
SAMET ÇETİN;0,00%;0,00;0,00%;0,00;0,00%;0,00;0,00%;0,00;0,00%;0,00;0,00%;0,00
YILMAZ USTA;0,00%;0,00;0,00%;0,00;0,00%;0,00;0,00%;0,00;0,00%;0,00;0,00%;0,00
